<?xml version="1.0" encoding="utf-8"?>
<ModelAnimator>
 <model>
  <phase name="global" scale="0.65"/>
  <metadata head="Head" headAxis="2" headAxis2="0" headCap="-60,60" headDir="1" headDir2="1"/>
  <worn id="__ANKLE_left__" parent="back_left_leg" offset="0,-0.03,-0.06" angles="90,0,0" scale="0.53"/>
  <worn id="__ANKLE_right__" parent="back_right_leg" offset="0,-0.03,-0.06" angles="90,0,0" scale="0.53"/>
  <worn id="__BACK__" parent="body" offset="0,0.23,0.07" angles="180,0,180" scale="0.74"/>
  <worn id="__EAR_left__" parent="left_ear" offset="0.23,-0.1,0.32" angles="0,131,0" scale="2.3"/>
  <worn id="__EAR_right__" parent="right_ear" offset="-0.23,-0.1,0.32" angles="0,-131,0" scale="2.3"/>
  <worn id="__EYE__" parent="head" offset="0,0.11,0.18" angles="90,180,0" scale="1.18"/>
  <worn id="__HAT__" parent="head" offset="0,0.2,0.2" angles="90,180,0" scale="0.9"/>
  <worn id="__NECK__" parent="head" offset="0,0.2,0.08" angles="0,0,0" scale="1.21"/>
  <worn id="__WRIST_left__" parent="front_left_leg" offset="0,-0.03,-0.06" angles="90,0,0" scale="0.52"/>
  <worn id="__WRIST_right__" parent="front_right_leg" offset="0,-0.03,-0.06" angles="90,0,0" scale="0.52"/>
  <customTex default="pikachu">
   <part name="head" tex="pikachu_face"/>
   <animation diffs="0,0.21875" part="head" trigger="random:0.0025:50"/>
   <animation diffs="0,0.4375" part="head" trigger="random:0.0025:100"/>
   <animation diffs="0.125,0" part="head" trigger="random:0.005:10"/>
   <animation diffs="0.125,0.21875" part="head" trigger="random:0.005:10"/>
  </customTex>
  <phase female="_female" male="" name="textures"/>
  <phase duration="10" leftFront="front_left_leg" leftHind="back_left_leg" name="quadWalk" rightFront="front_right_leg" rightHind="back_right_leg"/>
  <phase type="sitting">
   <part name="head">
    <component length="10" name="1" posOffset="0,0.015,0.15" rotOffset="-75,0,0" startKey="0"/>
   </part>
   <part name="body">
    <component length="10" name="1" posOffset="0,0,-0.124" rotOffset="90,0,0" startKey="0"/>
   </part>
   <part name="back_left_leg">
    <component length="10" name="1" posOffset="0,0.001,0.06" rotOffset="0,0,-15" startKey="0"/>
   </part>
   <part name="back_right_leg">
    <component length="10" name="1" posOffset="0,0.001,0.06" rotOffset="0,0,15" startKey="0"/>
   </part>
   <part name="front_left_leg">
    <component length="10" name="1" posOffset="-0.05,0,0.02" rotOffset="-45,0,25" startKey="0"/>
   </part>
   <part name="front_right_leg">
    <component length="10" name="1" posOffset="0.05,0,0.02" rotOffset="-45,0,-25" startKey="0"/>
   </part>
   <part name="left_ear">
    <component length="10" name="down" posOffset="0,0,0" rotChange="-10,0,0" startKey="0"/>
    <component length="10" name="up" rotChange="10,0,0" startKey="10"/>
   </part>
   <part name="right_ear">
    <component length="10" name="down" posOffset="0,0,0" rotChange="-10,0,0" startKey="0"/>
    <component length="10" name="up" rotChange="10,0,0" startKey="10"/>
   </part>
   <part name="tail">
    <component length="10" name="up" posOffset="0,0,0.12" rotChange="45,0,0" rotOffset="-100,-0,-0" startKey="0"/>
    <component length="10" name="down" rotChange="-60,0,0" startKey="10"/>
   </part>
  </phase>
 </model>
</ModelAnimator>